"No.","Time","Source","Destination","Protocol","Length","Info","Delta"
"340","3.822367491","192.168.169.2","192.168.169.1","UDP","130","59377  >  8800 Len=4","ef000400"
"351","3.921310099","192.168.169.2","192.168.169.1","UDP","130","59377  >  8800 Len=4","ef000400"
"352","3.921330702","192.168.169.2","192.168.169.1","UDP","130","59377  >  8800 Len=4","ef000400"
"419","3.941103621","192.168.169.2","192.168.169.1","UDP","214","59377  >  8800 Len=88","ef025800020200010000000000000000000000000000000000000000000000000000000000000000000000000000000000000000000000000000000000000000000000000000000000000000000000000000324b142d0000"
"420","3.941564869","192.168.169.2","192.168.169.1","UDP","214","59377  >  8800 Len=88","ef025800020200010000000000000000000000000000000000000000000000000000000000000000000000000000000000000000000000000000000000000000000000000000000000000000000000000000324b142d0000"
"444","3.946305333","192.168.169.2","192.168.169.1","UDP","214","59377  >  8800 Len=88","ef025800020200010000000000000000000000000000000000000000000000000000000000000000000000000000000000000000000000000000000000000000000000000000000000000000000000000000324b142d0000"
"529","3.967210781","192.168.169.2","192.168.169.1","UDP","214","59377  >  8800 Len=88","ef025800020200010000000000000000000000000000000000000000000000000000000000000000000000000000000000000000000000000000000000000000000000000000000000000000000000000000324b142d0000"
"532","3.993834723","192.168.169.2","192.168.169.1","UDP","258","59377  >  8800 Len=132","ef028400020200010200000000000000000000000000000000000000000000000000000000000000000000000000000000000000000000000000000000000000000000000000000000000000000000000000324b142d00000100000000000000010000001c000000ffffffffffffffffffffffff02000000000000000300000010000000"
"533","3.994657931","192.168.169.2","192.168.169.1","UDP","258","59377  >  8800 Len=132","ef028400020200010200000000000000000000000000000000000000000000000000000000000000000000000000000000000000000000000000000000000000000000000000000000000000000000000000324b142d00000100000000000000010000001c000000ffffffffffffffffffffffff02000000000000000300000010000000"
"538","3.996975178","192.168.169.2","192.168.169.1","UDP","258","59377  >  8800 Len=132","ef028400020200010200000000000000000000000000000000000000000000000000000000000000000000000000000000000000000000000000000000000000000000000000000000000000000000000000324b142d00000100000000000000010000001c000000ffffffffffffffffffffffff02000000000000000300000010000000"
"540","3.998813193","192.168.169.2","192.168.169.1","UDP","132","59377  >  8800 Len=6","ef2006000165"
"546","4.009696353","192.168.169.2","192.168.169.1","UDP","151","59377  >  8800 Len=25","ef20190001673c693d325e62665f737369643d636d643d323e"
"547","4.009708005","192.168.169.2","192.168.169.1","UDP","151","59377  >  8800 Len=25","ef20190001673c693d325e62665f737369643d636d643d333e"
"548","4.010068289","192.168.169.2","192.168.169.1","UDP","151","59377  >  8800 Len=25","ef20190001673c693d325e62665f737369643d636d643d323e"
"549","4.010078658","192.168.169.2","192.168.169.1","UDP","151","59377  >  8800 Len=25","ef20190001673c693d325e62665f737369643d636d643d333e"
"552","4.011790663","192.168.169.2","192.168.169.1","UDP","151","59377  >  8800 Len=25","ef20190001673c693d325e62665f737369643d636d643d323e"
"553","4.011792435","192.168.169.2","192.168.169.1","UDP","151","59377  >  8800 Len=25","ef20190001673c693d325e62665f737369643d636d643d333e"
"557","4.018418232","192.168.169.2","192.168.169.1","UDP","258","59377  >  8800 Len=132","ef028400020200010200000000000000000000000000000000000000000000000000000000000000000000000000000000000000000000000000000000000000000000000000000000000000000000000000324b142d00000100000000000000010000001c000000ffffffffffffffffffffffff02000000000000000300000010000000"
"558","4.019793797","192.168.169.2","192.168.169.1","UDP","258","59377  >  8800 Len=132","ef028400020200010200000000000000000000000000000000000000000000000000000000000000000000000000000000000000000000000000000000000000000000000000000000000000000000000000324b142d00000100000000000000010000001c000000ffffffffffffffffffffffff02000000000000000300000010000000"
"559","4.020690952","192.168.169.2","192.168.169.1","UDP","258","59377  >  8800 Len=132","ef028400020200010200000000000000000000000000000000000000000000000000000000000000000000000000000000000000000000000000000000000000000000000000000000000000000000000000324b142d00000100000000000000010000001c000000ffffffffffffffffffffffff02000000000000000300000010000000"
"562","4.022022737","192.168.169.2","192.168.169.1","UDP","258","59377  >  8800 Len=132","ef028400020200010200000000000000000000000000000000000000000000000000000000000000000000000000000000000000000000000000000000000000000000000000000000000000000000000000324b142d00000100000000000000010000001c000000ffffffffffffffffffffffff02000000000000000300000010000000"
"566","4.044694350","192.168.169.2","192.168.169.1","UDP","258","59377  >  8800 Len=132","ef028400020200010200000001000000080066808080804040990000000000000000000000000000000000000000000000000000000000000000000000000000000000000000000000000000000000000000324b142d00000100000000000000010000001c000000ffffffffffffffffffffffff02000000000000000300000010000000"
"578","4.071687686","192.168.169.2","192.168.169.1","UDP","258","59377  >  8800 Len=132","ef028400020200010200000001000000080066808080804040990000000000000000000000000000000000000000000000000000000000000000000000000000000000000000000000000000000000000000324b142d00000100000000000000010000001c000000ffffffffffffffffffffffff02000000000000000300000010000000"
"592","4.100549610","192.168.169.2","192.168.169.1","UDP","214","59377  >  8800 Len=88","ef025800020200010000000002000000080066808080804040990000000000000000000000000000000000000000000000000000000000000000000000000000000000000000000000000000000000000000324b142d0000"
"594","4.122536487","192.168.169.2","192.168.169.1","UDP","242","59377  >  8800 Len=116","ef027400020200010100000002000000080066808080804040990000000000000000000000000000000000000000000000000000000000000000000000000000000000000000000000000000000000000000324b142d00000200000000000000000000001c0000007f0000000000000000ffffff"
"596","4.149473745","192.168.169.2","192.168.169.1","UDP","242","59377  >  8800 Len=116","ef027400020200010100000003000000080066808080804040990000000000000000000000000000000000000000000000000000000000000000000000000000000000000000000000000000000000000000324b142d00000200000000000000000000001c0000007f0000000000000000ffffff"
"598","4.173333279","192.168.169.2","192.168.169.1","UDP","242","59377  >  8800 Len=116","ef027400020200010100000003000000080066808080804040990000000000000000000000000000000000000000000000000000000000000000000000000000000000000000000000000000000000000000324b142d00000200000000000000000000001c0000007f0000000000000000ffffff"
"599","4.174148234","192.168.169.2","192.168.169.1","UDP","242","59377  >  8800 Len=116","ef027400020200010100000003000000080066808080804040990000000000000000000000000000000000000000000000000000000000000000000000000000000000000000000000000000000000000000324b142d00000200000000000000000000001c0000007f0000000000000000ffffff"
"654","4.200958506","192.168.169.2","192.168.169.1","UDP","214","59377  >  8800 Len=88","ef025800020200010000000004000000080066808080804040990000000000000000000000000000000000000000000000000000000000000000000000000000000000000000000000000000000000000000324b142d0000"
"672","4.204628223","192.168.169.2","192.168.169.1","UDP","214","59377  >  8800 Len=88","ef025800020200010000000004000000080066808080804040990000000000000000000000000000000000000000000000000000000000000000000000000000000000000000000000000000000000000000324b142d0000"
"683","4.206888833","192.168.169.2","192.168.169.1","UDP","214","59377  >  8800 Len=88","ef025800020200010000000004000000080066808080804040990000000000000000000000000000000000000000000000000000000000000000000000000000000000000000000000000000000000000000324b142d0000"
"702","4.210816550","192.168.169.2","192.168.169.1","UDP","214","59377  >  8800 Len=88","ef025800020200010000000004000000080066808080804040990000000000000000000000000000000000000000000000000000000000000000000000000000000000000000000000000000000000000000324b142d0000"
"769","4.224492919","192.168.169.2","192.168.169.1","UDP","214","59377  >  8800 Len=88","ef025800020200010000000004000000080066808080804040990000000000000000000000000000000000000000000000000000000000000000000000000000000000000000000000000000000000000000324b142d0000"
"793","4.228966988","192.168.169.2","192.168.169.1","UDP","214","59377  >  8800 Len=88","ef025800020200010000000004000000080066808080804040990000000000000000000000000000000000000000000000000000000000000000000000000000000000000000000000000000000000000000324b142d0000"
"871","4.250772697","192.168.169.2","192.168.169.1","UDP","242","59377  >  8800 Len=116","ef027400020200010100000005000000080066808080804040990000000000000000000000000000000000000000000000000000000000000000000000000000000000000000000000000000000000000000324b142d00000200000000000000010000001c000000ffffffffffffffffffffffff"
"885","4.254239896","192.168.169.2","192.168.169.1","UDP","242","59377  >  8800 Len=116","ef027400020200010100000005000000080066808080804040990000000000000000000000000000000000000000000000000000000000000000000000000000000000000000000000000000000000000000324b142d00000200000000000000010000001c000000ffffffffffffffffffffffff"
"949","4.276531143","192.168.169.2","192.168.169.1","UDP","214","59377  >  8800 Len=88","ef025800020200010000000005000000080066808080804040990000000000000000000000000000000000000000000000000000000000000000000000000000000000000000000000000000000000000000324b142d0000"
"952","4.276781426","192.168.169.2","192.168.169.1","UDP","214","59377  >  8800 Len=88","ef025800020200010000000005000000080066808080804040990000000000000000000000000000000000000000000000000000000000000000000000000000000000000000000000000000000000000000324b142d0000"
"971","4.302579702","192.168.169.2","192.168.169.1","UDP","242","59377  >  8800 Len=116","ef027400020200010100000006000000080066808080804040990000000000000000000000000000000000000000000000000000000000000000000000000000000000000000000000000000000000000000324b142d00000300000000000000000000001c000000ffffffffff3f000000feffff"
"983","4.304656573","192.168.169.2","192.168.169.1","UDP","242","59377  >  8800 Len=116","ef027400020200010100000006000000080066808080804040990000000000000000000000000000000000000000000000000000000000000000000000000000000000000000000000000000000000000000324b142d00000300000000000000000000001c000000ffffffffff3f000000feffff"
"1072","4.332133372","192.168.169.2","192.168.169.1","UDP","242","59377  >  8800 Len=116","ef027400020200010100000006000000080066808080804040990000000000000000000000000000000000000000000000000000000000000000000000000000000000000000000000000000000000000000324b142d00000300000000000000010000001c000000ffffffffffffffffffffffff"
"1162","4.354455794","192.168.169.2","192.168.169.1","UDP","214","59377  >  8800 Len=88","ef025800020200010000000007000000080066808080804040990000000000000000000000000000000000000000000000000000000000000000000000000000000000000000000000000000000000000000324b142d0000"
"1250","4.382398358","192.168.169.2","192.168.169.1","UDP","242","59377  >  8800 Len=116","ef027400020200010100000007000000080066808080804040990000000000000000000000000000000000000000000000000000000000000000000000000000000000000000000000000000000000000000324b142d00000400000000000000010000001c000000ffffffffffffffffffffffff"
"1253","4.382685494","192.168.169.2","192.168.169.1","UDP","242","59377  >  8800 Len=116","ef027400020200010100000007000000080066808080804040990000000000000000000000000000000000000000000000000000000000000000000000000000000000000000000000000000000000000000324b142d00000400000000000000010000001c000000ffffffffffffffffffffffff"
"1256","4.384339070","192.168.169.2","192.168.169.1","UDP","242","59377  >  8800 Len=116","ef027400020200010100000007000000080066808080804040990000000000000000000000000000000000000000000000000000000000000000000000000000000000000000000000000000000000000000324b142d00000400000000000000010000001c000000ffffffffffffffffffffffff"
"1260","4.386442256","192.168.169.2","192.168.169.1","UDP","242","59377  >  8800 Len=116","ef027400020200010100000007000000080066808080804040990000000000000000000000000000000000000000000000000000000000000000000000000000000000000000000000000000000000000000324b142d00000400000000000000010000001c000000ffffffffffffffffffffffff"
"1291","4.407309642","192.168.169.2","192.168.169.1","UDP","242","59377  >  8800 Len=116","ef027400020200010100000008000000080066808080804040990000000000000000000000000000000000000000000000000000000000000000000000000000000000000000000000000000000000000000324b142d00000400000000000000010000001c000000ffffffffffffffffffffffff"
"1316","4.412521653","192.168.169.2","192.168.169.1","UDP","242","59377  >  8800 Len=116","ef027400020200010100000008000000080066808080804040990000000000000000000000000000000000000000000000000000000000000000000000000000000000000000000000000000000000000000324b142d00000400000000000000010000001c000000ffffffffffffffffffffffff"
"1392","4.432195369","192.168.169.2","192.168.169.1","UDP","214","59377  >  8800 Len=88","ef025800020200010000000008000000080066808080804040990000000000000000000000000000000000000000000000000000000000000000000000000000000000000000000000000000000000000000324b142d0000"
"1475","4.457177471","192.168.169.2","192.168.169.1","UDP","242","59377  >  8800 Len=116","ef027400020200010100000009000000080066808080804040990000000000000000000000000000000000000000000000000000000000000000000000000000000000000000000000000000000000000000324b142d00000500000000000000010000001c000000ffffffffffffffffffffffff"
"1567","4.482915163","192.168.169.2","192.168.169.1","UDP","214","59377  >  8800 Len=88","ef025800020200010000000009000000080066808080804040990000000000000000000000000000000000000000000000000000000000000000000000000000000000000000000000000000000000000000324b142d0000"
"1588","4.510177076","192.168.169.2","192.168.169.1","UDP","214","59377  >  8800 Len=88","ef02580002020001000000000a000000080066808080804040990000000000000000000000000000000000000000000000000000000000000000000000000000000000000000000000000000000000000000324b142d0000"
"1672","4.534080340","192.168.169.2","192.168.169.1","UDP","242","59377  >  8800 Len=116","ef02740002020001010000000a000000080066808080804040990000000000000000000000000000000000000000000000000000000000000000000000000000000000000000000000000000000000000000324b142d00000600000000000000010000001c000000ffffffffffffffffffffffff"
"1783","4.559242540","192.168.169.2","192.168.169.1","UDP","214","59377  >  8800 Len=88","ef02580002020001000000000b000000080000000000000000000000000000000000000000000000000000000000000000000000000000000000000000000000000000000000000000000000000000000000324b142d0000"
"1879","4.585487597","192.168.169.2","192.168.169.1","UDP","242","59377  >  8800 Len=116","ef02740002020001010000000b000000080000000000000000000000000000000000000000000000000000000000000000000000000000000000000000000000000000000000000000000000000000000000324b142d00000700000000000000010000001c000000ffffffffffffffffffffffff"
"1894","4.610677548","192.168.169.2","192.168.169.1","UDP","214","59377  >  8800 Len=88","ef02580002020001000000000b000000080000000000000000000000000000000000000000000000000000000000000000000000000000000000000000000000000000000000000000000000000000000000324b142d0000"
"1995","4.635956594","192.168.169.2","192.168.169.1","UDP","214","59377  >  8800 Len=88","ef02580002020001000000000b000000080000000000000000000000000000000000000000000000000000000000000000000000000000000000000000000000000000000000000000000000000000000000324b142d0000"
"1998","4.636430340","192.168.169.2","192.168.169.1","UDP","214","59377  >  8800 Len=88","ef02580002020001000000000b000000080000000000000000000000000000000000000000000000000000000000000000000000000000000000000000000000000000000000000000000000000000000000324b142d0000"
"2129","4.665016881","192.168.169.2","192.168.169.1","UDP","242","59377  >  8800 Len=116","ef02740002020001010000000b000000080000000000000000000000000000000000000000000000000000000000000000000000000000000000000000000000000000000000000000000000000000000000324b142d00000800000000000000010000001c000000ffffffffffffffffffffffff"
"2235","4.687081210","192.168.169.2","192.168.169.1","UDP","214","59377  >  8800 Len=88","ef02580002020001000000000b000000080000000000000000000000000000000000000000000000000000000000000000000000000000000000000000000000000000000000000000000000000000000000324b142d0000"
"2242","4.713241040","192.168.169.2","192.168.169.1","UDP","214","59377  >  8800 Len=88","ef02580002020001000000000b000000080000000000000000000000000000000000000000000000000000000000000000000000000000000000000000000000000000000000000000000000000000000000324b142d0000"
"2341","4.738723163","192.168.169.2","192.168.169.1","UDP","242","59377  >  8800 Len=116","ef02740002020001010000000b000000080000000000000000000000000000000000000000000000000000000000000000000000000000000000000000000000000000000000000000000000000000000000324b142d00000900000000000000010000001c000000ffffffffffffffffffffffff"
"2419","4.763501090","192.168.169.2","192.168.169.1","UDP","214","59377  >  8800 Len=88","ef02580002020001000000000b000000080000000000000000000000000000000000000000000000000000000000000000000000000000000000000000000000000000000000000000000000000000000000324b142d0000"
"2420","4.763764846","192.168.169.2","192.168.169.1","UDP","214","59377  >  8800 Len=88","ef02580002020001000000000b000000080000000000000000000000000000000000000000000000000000000000000000000000000000000000000000000000000000000000000000000000000000000000324b142d0000"
"2511","4.789427778","192.168.169.2","192.168.169.1","UDP","242","59377  >  8800 Len=116","ef02740002020001010000000b000000080000000000000000000000000000000000000000000000000000000000000000000000000000000000000000000000000000000000000000000000000000000000324b142d00000a00000000000000010000001c000000ffffffffffffffffffffffff"
"2546","4.819652678","192.168.169.2","192.168.169.1","UDP","214","59377  >  8800 Len=88","ef02580002020001000000000b000000080000000000000000000000000000000000000000000000000000000000000000000000000000000000000000000000000000000000000000000000000000000000324b142d0000"
"2555","4.821327500","192.168.169.2","192.168.169.1","UDP","214","59377  >  8800 Len=88","ef02580002020001000000000b000000080000000000000000000000000000000000000000000000000000000000000000000000000000000000000000000000000000000000000000000000000000000000324b142d0000"
"2617","4.839442566","192.168.169.2","192.168.169.1","UDP","214","59377  >  8800 Len=88","ef02580002020001000000000b000000080000000000000000000000000000000000000000000000000000000000000000000000000000000000000000000000000000000000000000000000000000000000324b142d0000"
"2624","4.840960073","192.168.169.2","192.168.169.1","UDP","214","59377  >  8800 Len=88","ef02580002020001000000000b000000080000000000000000000000000000000000000000000000000000000000000000000000000000000000000000000000000000000000000000000000000000000000324b142d0000"
"2727","4.865261557","192.168.169.2","192.168.169.1","UDP","242","59377  >  8800 Len=116","ef02740002020001010000000b000000080000000000000000000000000000000000000000000000000000000000000000000000000000000000000000000000000000000000000000000000000000000000324b142d00000b00000000000000010000001c000000ffffffffffffffffffffffff"
"2739","4.867317039","192.168.169.2","192.168.169.1","UDP","242","59377  >  8800 Len=116","ef02740002020001010000000b000000080000000000000000000000000000000000000000000000000000000000000000000000000000000000000000000000000000000000000000000000000000000000324b142d00000b00000000000000010000001c000000ffffffffffffffffffffffff"
"2843","4.898322094","192.168.169.2","192.168.169.1","UDP","242","59377  >  8800 Len=116","ef02740002020001010000000b000000080000000000000000000000000000000000000000000000000000000000000000000000000000000000000000000000000000000000000000000000000000000000324b142d00000c00000000000000010000001c000000ffffffffffffffffffffffff"
"2860","4.916306971","192.168.169.2","192.168.169.1","UDP","214","59377  >  8800 Len=88","ef02580002020001000000000b000000080000000000000000000000000000000000000000000000000000000000000000000000000000000000000000000000000000000000000000000000000000000000324b142d0000"
"2935","4.941605218","192.168.169.2","192.168.169.1","UDP","214","59377  >  8800 Len=88","ef02580002020001000000000b000000080000000000000000000000000000000000000000000000000000000000000000000000000000000000000000000000000000000000000000000000000000000000324b142d0000"
"2936","4.941821016","192.168.169.2","192.168.169.1","UDP","214","59377  >  8800 Len=88","ef02580002020001000000000b000000080000000000000000000000000000000000000000000000000000000000000000000000000000000000000000000000000000000000000000000000000000000000324b142d0000"
"3032","4.968242311","192.168.169.2","192.168.169.1","UDP","242","59377  >  8800 Len=116","ef02740002020001010000000b000000080000000000000000000000000000000000000000000000000000000000000000000000000000000000000000000000000000000000000000000000000000000000324b142d00000d00000000000000010000001c000000ffffffffffffffffffffffff"
"3160","5.003489220","192.168.169.2","192.168.169.1","UDP","214","59377  >  8800 Len=88","ef02580002020001000000000b000000080000000000000000000000000000000000000000000000000000000000000000000000000000000000000000000000000000000000000000000000000000000000324b142d0000"
"3163","5.005096552","192.168.169.2","192.168.169.1","UDP","214","59377  >  8800 Len=88","ef02580002020001000000000b000000080000000000000000000000000000000000000000000000000000000000000000000000000000000000000000000000000000000000000000000000000000000000324b142d0000"
"3166","5.018872464","192.168.169.2","192.168.169.1","UDP","242","59377  >  8800 Len=116","ef02740002020001010000000b000000080000000000000000000000000000000000000000000000000000000000000000000000000000000000000000000000000000000000000000000000000000000000324b142d00000e00000000000000010000001c000000ffffffffffffffffffffffff"
"3251","5.045647768","192.168.169.2","192.168.169.1","UDP","214","59377  >  8800 Len=88","ef02580002020001000000000b000000080000000000000000000000000000000000000000000000000000000000000000000000000000000000000000000000000000000000000000000000000000000000324b142d0000"
"3260","5.047549882","192.168.169.2","192.168.169.1","UDP","214","59377  >  8800 Len=88","ef02580002020001000000000b000000080000000000000000000000000000000000000000000000000000000000000000000000000000000000000000000000000000000000000000000000000000000000324b142d0000"
"3269","5.049307749","192.168.169.2","192.168.169.1","UDP","214","59377  >  8800 Len=88","ef02580002020001000000000b000000080000000000000000000000000000000000000000000000000000000000000000000000000000000000000000000000000000000000000000000000000000000000324b142d0000"
"3288","5.053141205","192.168.169.2","192.168.169.1","UDP","214","59377  >  8800 Len=88","ef02580002020001000000000b000000080000000000000000000000000000000000000000000000000000000000000000000000000000000000000000000000000000000000000000000000000000000000324b142d0000"
"3346","5.070312370","192.168.169.2","192.168.169.1","UDP","242","59377  >  8800 Len=116","ef02740002020001010000000b000000080000000000000000000000000000000000000000000000000000000000000000000000000000000000000000000000000000000000000000000000000000000000324b142d00000f00000000000000010000001c000000ffffffffffffffffffffffff"
"3467","5.096974059","192.168.169.2","192.168.169.1","UDP","214","59377  >  8800 Len=88","ef02580002020001000000000b000000080000000000000000000000000000000000000000000000000000000000000000000000000000000000000000000000000000000000000000000000000000000000324b142d0000"
"3468","5.097841448","192.168.169.2","192.168.169.1","UDP","214","59377  >  8800 Len=88","ef02580002020001000000000b000000080000000000000000000000000000000000000000000000000000000000000000000000000000000000000000000000000000000000000000000000000000000000324b142d0000"
"3482","5.118401361","192.168.169.2","192.168.169.1","UDP","214","59377  >  8800 Len=88","ef02580002020001000000000b000000080000000000000000000000000000000000000000000000000000000000000000000000000000000000000000000000000000000000000000000000000000000000324b142d0000"
"3515","5.125207518","192.168.169.2","192.168.169.1","UDP","214","59377  >  8800 Len=88","ef02580002020001000000000c000000140066147e808080000200000000000000000000fc990000000000000000000000000000000000000000000000000000000000000000000000000000000000000000324b142d0000"
"3606","5.148818955","192.168.169.2","192.168.169.1","UDP","242","59377  >  8800 Len=116","ef02740002020001010000000c000000140066147e808080000200000000000000000000fc990000000000000000000000000000000000000000000000000000000000000000000000000000000000000000324b142d00001000000000000000010000001c000000ffffffffffffffffffffffff"
"3615","5.150568770","192.168.169.2","192.168.169.1","UDP","242","59377  >  8800 Len=116","ef02740002020001010000000c000000140066147e808080000200000000000000000000fc990000000000000000000000000000000000000000000000000000000000000000000000000000000000000000324b142d00001000000000000000010000001c000000ffffffffffffffffffffffff"
"3701","5.175505635","192.168.169.2","192.168.169.1","UDP","242","59377  >  8800 Len=116","ef02740002020001010000000d000000140066147e808080000200000000000000000000fc990000000000000000000000000000000000000000000000000000000000000000000000000000000000000000324b142d00001100000000000000010000001c000000ffffffffffffffffffffffff"
"3714","5.178109727","192.168.169.2","192.168.169.1","UDP","242","59377  >  8800 Len=116","ef02740002020001010000000d000000140066147e808080000200000000000000000000fc990000000000000000000000000000000000000000000000000000000000000000000000000000000000000000324b142d00001100000000000000010000001c000000ffffffffffffffffffffffff"
"3805","5.210413001","192.168.169.2","192.168.169.1","UDP","214","59377  >  8800 Len=88","ef02580002020001000000000d000000140066147e808080000200000000000000000000fc990000000000000000000000000000000000000000000000000000000000000000000000000000000000000000324b142d0000"
"3806","5.210433826","192.168.169.2","192.168.169.1","UDP","214","59377  >  8800 Len=88","ef02580002020001000000000d000000140066147e808080000200000000000000000000fc990000000000000000000000000000000000000000000000000000000000000000000000000000000000000000324b142d0000"
"3807","5.212129785","192.168.169.2","192.168.169.1","UDP","214","59377  >  8800 Len=88","ef02580002020001000000000d000000140066147e808080000200000000000000000000fc990000000000000000000000000000000000000000000000000000000000000000000000000000000000000000324b142d0000"
"3824","5.224933203","192.168.169.2","192.168.169.1","UDP","242","59377  >  8800 Len=116","ef02740002020001010000000e000000140066147e808080000200000000000000000000fc990000000000000000000000000000000000000000000000000000000000000000000000000000000000000000324b142d00001200000000000000000000001c000000ffffffffffffffff07feffff"
"3932","5.252225848","192.168.169.2","192.168.169.1","UDP","242","59377  >  8800 Len=116","ef02740002020001010000000e000000140066147e808080000200000000000000000000fc990000000000000000000000000000000000000000000000000000000000000000000000000000000000000000324b142d00001200000000000000010000001c000000ffffffffffffffffffffffff"
"4022","5.277966315","192.168.169.2","192.168.169.1","UDP","242","59377  >  8800 Len=116","ef02740002020001010000000f000000140066147e808080000200000000000000000000fc990000000000000000000000000000000000000000000000000000000000000000000000000000000000000000324b142d00001300000000000000010000001c000000ffffffffffffffffffffffff"
"4117","5.315682011","192.168.169.2","192.168.169.1","UDP","214","59377  >  8800 Len=88","ef02580002020001000000000f000000140066147e808080000200000000000000000000fc990000000000000000000000000000000000000000000000000000000000000000000000000000000000000000324b142d0000"
"4118","5.317691449","192.168.169.2","192.168.169.1","UDP","214","59377  >  8800 Len=88","ef02580002020001000000000f000000140066147e808080000200000000000000000000fc990000000000000000000000000000000000000000000000000000000000000000000000000000000000000000324b142d0000"
"4121","5.319409716","192.168.169.2","192.168.169.1","UDP","214","59377  >  8800 Len=88","ef02580002020001000000000f000000140066147e808080000200000000000000000000fc990000000000000000000000000000000000000000000000000000000000000000000000000000000000000000324b142d0000"
"4144","5.329358760","192.168.169.2","192.168.169.1","UDP","214","59377  >  8800 Len=88","ef025800020200010000000010000000140066147e808080000200000000000000000000fc990000000000000000000000000000000000000000000000000000000000000000000000000000000000000000324b142d0000"
"4153","5.331490166","192.168.169.2","192.168.169.1","UDP","214","59377  >  8800 Len=88","ef025800020200010000000010000000140066147e808080000200000000000000000000fc990000000000000000000000000000000000000000000000000000000000000000000000000000000000000000324b142d0000"
"4168","5.338576246","192.168.169.2","192.168.169.1","UDP","214","59377  >  8800 Len=88","ef025800020200010000000010000000140066147e808080000200000000000000000000fc990000000000000000000000000000000000000000000000000000000000000000000000000000000000000000324b142d0000"
"4195","5.344429064","192.168.169.2","192.168.169.1","UDP","214","59377  >  8800 Len=88","ef025800020200010000000010000000140066147e808080000200000000000000000000fc990000000000000000000000000000000000000000000000000000000000000000000000000000000000000000324b142d0000"
"4237","5.353709001","192.168.169.2","192.168.169.1","UDP","242","59377  >  8800 Len=116","ef027400020200010100000011000000140066147e808080000200000000000000000000fc990000000000000000000000000000000000000000000000000000000000000000000000000000000000000000324b142d00001400000000000000010000001c000000ffffffffffffffffffffffff"
"4325","5.379940676","192.168.169.2","192.168.169.1","UDP","214","59377  >  8800 Len=88","ef025800020200010000000011000000140066147e808080000200000000000000000000fc990000000000000000000000000000000000000000000000000000000000000000000000000000000000000000324b142d0000"
"4330","5.411313045","192.168.169.2","192.168.169.1","UDP","214","59377  >  8800 Len=88","ef025800020200010000000012000000140066147e808080000200000000000000000000fc990000000000000000000000000000000000000000000000000000000000000000000000000000000000000000324b142d0000"
"4334","5.413590005","192.168.169.2","192.168.169.1","UDP","214","59377  >  8800 Len=88","ef025800020200010000000012000000140066147e808080000200000000000000000000fc990000000000000000000000000000000000000000000000000000000000000000000000000000000000000000324b142d0000"
"4402","5.433078495","192.168.169.2","192.168.169.1","UDP","242","59377  >  8800 Len=116","ef027400020200010100000012000000140066147e808080000200000000000000000000fc990000000000000000000000000000000000000000000000000000000000000000000000000000000000000000324b142d00001500000000000000010000001c000000ffffffffffffffffffffffff"
"4423","5.438002375","192.168.169.2","192.168.169.1","UDP","242","59377  >  8800 Len=116","ef027400020200010100000012000000140066147e808080000200000000000000000000fc990000000000000000000000000000000000000000000000000000000000000000000000000000000000000000324b142d00001500000000000000010000001c000000ffffffffffffffffffffffff"
"4446","5.443689808","192.168.169.2","192.168.169.1","UDP","242","59377  >  8800 Len=116","ef027400020200010100000012000000140066147e808080000200000000000000000000fc990000000000000000000000000000000000000000000000000000000000000000000000000000000000000000324b142d00001500000000000000010000001c000000ffffffffffffffffffffffff"
"4508","5.457889997","192.168.169.2","192.168.169.1","UDP","242","59377  >  8800 Len=116","ef027400020200010100000013000000140066147e808080000200000000000000000000fc990000000000000000000000000000000000000000000000000000000000000000000000000000000000000000324b142d00001500000000000000010000001c000000ffffffffffffffffffffffff"
"4509","5.458230496","192.168.169.2","192.168.169.1","UDP","242","59377  >  8800 Len=116","ef027400020200010100000013000000140066147e808080000200000000000000000000fc990000000000000000000000000000000000000000000000000000000000000000000000000000000000000000324b142d00001500000000000000010000001c000000ffffffffffffffffffffffff"
"4512","5.459784473","192.168.169.2","192.168.169.1","UDP","242","59377  >  8800 Len=116","ef027400020200010100000013000000140066147e808080000200000000000000000000fc990000000000000000000000000000000000000000000000000000000000000000000000000000000000000000324b142d00001500000000000000010000001c000000ffffffffffffffffffffffff"
"4558","5.483445909","192.168.169.2","192.168.169.1","UDP","242","59377  >  8800 Len=116","ef027400020200010100000013000000140066147e808080000200000000000000000000fc990000000000000000000000000000000000000000000000000000000000000000000000000000000000000000324b142d00001600000000000000010000001c000000ffffffffffffffffffffffff"
"4566","5.485720450","192.168.169.2","192.168.169.1","UDP","242","59377  >  8800 Len=116","ef027400020200010100000013000000140066147e808080000200000000000000000000fc990000000000000000000000000000000000000000000000000000000000000000000000000000000000000000324b142d00001600000000000000010000001c000000ffffffffffffffffffffffff"
"4599","5.512798705","192.168.169.2","192.168.169.1","UDP","214","59377  >  8800 Len=88","ef025800020200010000000014000000140066147e808080000200000000000000000000fc990000000000000000000000000000000000000000000000000000000000000000000000000000000000000000324b142d0000"
"4689","5.546081737","192.168.169.2","192.168.169.1","UDP","214","59377  >  8800 Len=88","ef025800020200010000000014000000140066147e808080000200000000000000000000fc990000000000000000000000000000000000000000000000000000000000000000000000000000000000000000324b142d0000"
"4733","5.561213102","192.168.169.2","192.168.169.1","UDP","214","59377  >  8800 Len=88","ef025800020200010000000015000000140066147e808080000200000000000000000000fc990000000000000000000000000000000000000000000000000000000000000000000000000000000000000000324b142d0000"
"4847","5.589066819","192.168.169.2","192.168.169.1","UDP","242","59377  >  8800 Len=116","ef027400020200010100000015000000140066147e808080000200000000000000000000fc990000000000000000000000000000000000000000000000000000000000000000000000000000000000000000324b142d00001700000000000000010000001c000000ffffffffffffffffffffffff"
"4897","5.616196589","192.168.169.2","192.168.169.1","UDP","242","59377  >  8800 Len=116","ef027400020200010100000016000000140066147e808080000200000000000000000000fc990000000000000000000000000000000000000000000000000000000000000000000000000000000000000000324b142d00001800000000000000010000001c000000ffffffffffffffffffffffff"
"4964","5.647071663","192.168.169.2","192.168.169.1","UDP","270","59377  >  8800 Len=144","ef029000020200010200000016000000140066147e808080000200000000000000000000fc990000000000000000000000000000000000000000000000000000000000000000000000000000000000000000324b142d00001900000000000000000000001c000000ff0100000000000000ffffff1800000000000000010000001c000000ffffffffffffffffffffffff"
"4993","5.653622540","192.168.169.2","192.168.169.1","UDP","270","59377  >  8800 Len=144","ef029000020200010200000016000000140066147e808080000200000000000000000000fc990000000000000000000000000000000000000000000000000000000000000000000000000000000000000000324b142d00001900000000000000000000001c000000ff0100000000000000ffffff1800000000000000010000001c000000ffffffffffffffffffffffff"
"5041","5.663993356","192.168.169.2","192.168.169.1","UDP","214","59377  >  8800 Len=88","ef025800020200010000000017000000140066147e808080000200000000000000000000fc990000000000000000000000000000000000000000000000000000000000000000000000000000000000000000324b142d0000"
"5051","5.689551155","192.168.169.2","192.168.169.1","UDP","214","59377  >  8800 Len=88","ef025800020200010000000017000000140066147e808080000200000000000000000000fc990000000000000000000000000000000000000000000000000000000000000000000000000000000000000000324b142d0000"
"5059","5.716385060","192.168.169.2","192.168.169.1","UDP","258","59377  >  8800 Len=132","ef028400020200010200000018000000140066147e80fb8000020000000000000000000087990000000000000000000000000000000000000000000000000000000000000000000000000000000000000000324b142d00001900000000000000010000001c000000ffffffffffffffffffffffff1a000000000000000300000010000000"
"5080","5.746634246","192.168.169.2","192.168.169.1","UDP","258","59377  >  8800 Len=132","ef028400020200010200000018000000140066147e80fb8000020000000000000000000087990000000000000000000000000000000000000000000000000000000000000000000000000000000000000000324b142d00001900000000000000010000001c000000ffffffffffffffffffffffff1a000000000000000300000010000000"
"5090","5.767598035","192.168.169.2","192.168.169.1","UDP","258","59377  >  8800 Len=132","ef028400020200010200000019000000140066147e80fd8000020000000000000000000081990000000000000000000000000000000000000000000000000000000000000000000000000000000000000000324b142d00001900000000000000010000001c000000ffffffffffffffffffffffff1a000000000000000300000010000000"
"5201","5.793034799","192.168.169.2","192.168.169.1","UDP","214","59377  >  8800 Len=88","ef025800020200010000000019000000140066147e80fd8000020000000000000000000081990000000000000000000000000000000000000000000000000000000000000000000000000000000000000000324b142d0000"
"5243","5.819472027","192.168.169.2","192.168.169.1","UDP","214","59377  >  8800 Len=88","ef02580002020001000000001a000000140066147e80fc8000020000000000000000000080990000000000000000000000000000000000000000000000000000000000000000000000000000000000000000324b142d0000"
"5253","5.821726168","192.168.169.2","192.168.169.1","UDP","214","59377  >  8800 Len=88","ef02580002020001000000001a000000140066147e80fc8000020000000000000000000080990000000000000000000000000000000000000000000000000000000000000000000000000000000000000000324b142d0000"
"5263","5.823727203","192.168.169.2","192.168.169.1","UDP","214","59377  >  8800 Len=88","ef02580002020001000000001a000000140066147e80fc8000020000000000000000000080990000000000000000000000000000000000000000000000000000000000000000000000000000000000000000324b142d0000"
"5351","5.845635361","192.168.169.2","192.168.169.1","UDP","242","59377  >  8800 Len=116","ef02740002020001010000001a000000140066147e80fc8000020000000000000000000080990000000000000000000000000000000000000000000000000000000000000000000000000000000000000000324b142d00001a00000000000000010000001c000000ffffffffffffffffffffffff"
"5359","5.871397298","192.168.169.2","192.168.169.1","UDP","242","59377  >  8800 Len=116","ef02740002020001010000001b000000140066147e80fc8000020000000000000000000080990000000000000000000000000000000000000000000000000000000000000000000000000000000000000000324b142d00001a00000000000000010000001c000000ffffffffffffffffffffffff"
"5360","5.871720806","192.168.169.2","192.168.169.1","UDP","242","59377  >  8800 Len=116","ef02740002020001010000001b000000140066147e80fc8000020000000000000000000080990000000000000000000000000000000000000000000000000000000000000000000000000000000000000000324b142d00001a00000000000000010000001c000000ffffffffffffffffffffffff"
"5452","5.898110428","192.168.169.2","192.168.169.1","UDP","242","59377  >  8800 Len=116","ef02740002020001010000001b000000140066147e80fc8000020000000000000000000080990000000000000000000000000000000000000000000000000000000000000000000000000000000000000000324b142d00001b00000000000000010000001c000000ffffffffffffffffffffffff"
"5548","5.923938109","192.168.169.2","192.168.169.1","UDP","214","59377  >  8800 Len=88","ef02580002020001000000001c000000140066147e80fc8000020000000000000000000080990000000000000000000000000000000000000000000000000000000000000000000000000000000000000000324b142d0000"
"5635","5.949344219","192.168.169.2","192.168.169.1","UDP","242","59377  >  8800 Len=116","ef02740002020001010000001c000000140066147e80fc8000020000000000000000000080990000000000000000000000000000000000000000000000000000000000000000000000000000000000000000324b142d00001c00000000000000010000001c000000ffffffffffffffffffffffff"
"5654","5.974858323","192.168.169.2","192.168.169.1","UDP","242","59377  >  8800 Len=116","ef02740002020001010000001d000000140066147e80fc8000020000000000000000000080990000000000000000000000000000000000000000000000000000000000000000000000000000000000000000324b142d00001c00000000000000010000001c000000ffffffffffffffffffffffff"
"5747","6.000995481","192.168.169.2","192.168.169.1","UDP","242","59377  >  8800 Len=116","ef02740002020001010000001d000000140066147e80fc8000020000000000000000000080990000000000000000000000000000000000000000000000000000000000000000000000000000000000000000324b142d00001d00000000000000010000001c000000ffffffffffffffffffffffff"
"5759","6.003546276","192.168.169.2","192.168.169.1","UDP","242","59377  >  8800 Len=116","ef02740002020001010000001d000000140066147e80fc8000020000000000000000000080990000000000000000000000000000000000000000000000000000000000000000000000000000000000000000324b142d00001d00000000000000010000001c000000ffffffffffffffffffffffff"
"5768","6.005409701","192.168.169.2","192.168.169.1","UDP","242","59377  >  8800 Len=116","ef02740002020001010000001d000000140066147e80fc8000020000000000000000000080990000000000000000000000000000000000000000000000000000000000000000000000000000000000000000324b142d00001d00000000000000010000001c000000ffffffffffffffffffffffff"
"5848","6.025931792","192.168.169.2","192.168.169.1","UDP","214","59377  >  8800 Len=88","ef02580002020001000000001e000000140066147e80fd8000020000000000000000000081990000000000000000000000000000000000000000000000000000000000000000000000000000000000000000324b142d0000"
"5934","6.052290029","192.168.169.2","192.168.169.1","UDP","242","59377  >  8800 Len=116","ef02740002020001010000001e000000140066147e80fd8000020000000000000000000081990000000000000000000000000000000000000000000000000000000000000000000000000000000000000000324b142d00001e00000000000000010000001c000000ffffffffffffffffffffffff"
"5956","6.078754313","192.168.169.2","192.168.169.1","UDP","214","59377  >  8800 Len=88","ef02580002020001000000001f000000140066147e80fd8000020000000000000000000081990000000000000000000000000000000000000000000000000000000000000000000000000000000000000000324b142d0000"
"6042","6.104822029","192.168.169.2","192.168.169.1","UDP","214","59377  >  8800 Len=88","ef02580002020001000000001f000000140066147e80fd8000020000000000000000000081990000000000000000000000000000000000000000000000000000000000000000000000000000000000000000324b142d0000"
"6049","6.106309951","192.168.169.2","192.168.169.1","UDP","214","59377  >  8800 Len=88","ef02580002020001000000001f000000140066147e80fd8000020000000000000000000081990000000000000000000000000000000000000000000000000000000000000000000000000000000000000000324b142d0000"
"6060","6.108687190","192.168.169.2","192.168.169.1","UDP","214","59377  >  8800 Len=88","ef02580002020001000000001f000000140066147e80fd8000020000000000000000000081990000000000000000000000000000000000000000000000000000000000000000000000000000000000000000324b142d0000"
"6142","6.131704100","192.168.169.2","192.168.169.1","UDP","242","59377  >  8800 Len=116","ef027400020200010100000020000000140066147e80fd8000020000000000000000000081990000000000000000000000000000000000000000000000000000000000000000000000000000000000000000324b142d00001f00000000000000010000001c000000ffffffffffffffffffffffff"
"6151","6.133622654","192.168.169.2","192.168.169.1","UDP","242","59377  >  8800 Len=116","ef027400020200010100000020000000140066147e80fd8000020000000000000000000081990000000000000000000000000000000000000000000000000000000000000000000000000000000000000000324b142d00001f00000000000000010000001c000000ffffffffffffffffffffffff"
"6164","6.135815556","192.168.169.2","192.168.169.1","UDP","242","59377  >  8800 Len=116","ef027400020200010100000020000000140066147e80fd8000020000000000000000000081990000000000000000000000000000000000000000000000000000000000000000000000000000000000000000324b142d00001f00000000000000010000001c000000ffffffffffffffffffffffff"
"6236","6.158003681","192.168.169.2","192.168.169.1","UDP","242","59377  >  8800 Len=116","ef027400020200010100000020000000140066147e80fd8000020000000000000000000081990000000000000000000000000000000000000000000000000000000000000000000000000000000000000000324b142d00002000000000000000010000001c000000ffffffffffffffffffffffff"
"6255","6.161587576","192.168.169.2","192.168.169.1","UDP","242","59377  >  8800 Len=116","ef027400020200010100000020000000140066147e80fd8000020000000000000000000081990000000000000000000000000000000000000000000000000000000000000000000000000000000000000000324b142d00002000000000000000010000001c000000ffffffffffffffffffffffff"
"6256","6.162164159","192.168.169.2","192.168.169.1","UDP","242","59377  >  8800 Len=116","ef027400020200010100000020000000140066147e80fd8000020000000000000000000081990000000000000000000000000000000000000000000000000000000000000000000000000000000000000000324b142d00002000000000000000010000001c000000ffffffffffffffffffffffff"
"6260","6.183531381","192.168.169.2","192.168.169.1","UDP","242","59377  >  8800 Len=116","ef027400020200010100000021000000140066147e80fd8000020000000000000000000081990000000000000000000000000000000000000000000000000000000000000000000000000000000000000000324b142d00002000000000000000010000001c000000ffffffffffffffffffffffff"
"6351","6.208952525","192.168.169.2","192.168.169.1","UDP","214","59377  >  8800 Len=88","ef025800020200010000000021000000140066147e80fd8000020000000000000000000081990000000000000000000000000000000000000000000000000000000000000000000000000000000000000000324b142d0000"
"6442","6.235297779","192.168.169.2","192.168.169.1","UDP","242","59377  >  8800 Len=116","ef027400020200010100000022000000140066147e808080000200000000000000000000fc990000000000000000000000000000000000000000000000000000000000000000000000000000000000000000324b142d00002100000000000000010000001c000000ffffffffffffffffffffffff"
"6451","6.236945573","192.168.169.2","192.168.169.1","UDP","242","59377  >  8800 Len=116","ef027400020200010100000022000000140066147e808080000200000000000000000000fc990000000000000000000000000000000000000000000000000000000000000000000000000000000000000000324b142d00002100000000000000010000001c000000ffffffffffffffffffffffff"
"6465","6.240227620","192.168.169.2","192.168.169.1","UDP","242","59377  >  8800 Len=116","ef027400020200010100000022000000140066147e808080000200000000000000000000fc990000000000000000000000000000000000000000000000000000000000000000000000000000000000000000324b142d00002100000000000000010000001c000000ffffffffffffffffffffffff"
"6528","6.261667791","192.168.169.2","192.168.169.1","UDP","214","59377  >  8800 Len=88","ef025800020200010000000022000000140066147e808080000200000000000000000000fc990000000000000000000000000000000000000000000000000000000000000000000000000000000000000000324b142d0000"
"6534","6.287069945","192.168.169.2","192.168.169.1","UDP","242","59377  >  8800 Len=116","ef027400020200010100000023000000140066147e808080000200000000000000000000fc990000000000000000000000000000000000000000000000000000000000000000000000000000000000000000324b142d00002200000000000000010000001c000000ffffffffffffffffffffffff"
"6535","6.288044529","192.168.169.2","192.168.169.1","UDP","242","59377  >  8800 Len=116","ef027400020200010100000023000000140066147e808080000200000000000000000000fc990000000000000000000000000000000000000000000000000000000000000000000000000000000000000000324b142d00002200000000000000010000001c000000ffffffffffffffffffffffff"
"6538","6.289448034","192.168.169.2","192.168.169.1","UDP","242","59377  >  8800 Len=116","ef027400020200010100000023000000140066147e808080000200000000000000000000fc990000000000000000000000000000000000000000000000000000000000000000000000000000000000000000324b142d00002200000000000000010000001c000000ffffffffffffffffffffffff"
"6640","6.313646577","192.168.169.2","192.168.169.1","UDP","214","59377  >  8800 Len=88","ef025800020200010000000023000000140066147e808080000200000000000000000000fc990000000000000000000000000000000000000000000000000000000000000000000000000000000000000000324b142d0000"
"6648","6.315241851","192.168.169.2","192.168.169.1","UDP","214","59377  >  8800 Len=88","ef025800020200010000000023000000140066147e808080000200000000000000000000fc990000000000000000000000000000000000000000000000000000000000000000000000000000000000000000324b142d0000"
"6728","6.338920090","192.168.169.2","192.168.169.1","UDP","242","59377  >  8800 Len=116","ef027400020200010100000024000000140066147e808080000200000000000000000000fc990000000000000000000000000000000000000000000000000000000000000000000000000000000000000000324b142d00002300000000000000010000001c000000ffffffffffffffffffffffff"
"6744","6.342815488","192.168.169.2","192.168.169.1","UDP","242","59377  >  8800 Len=116","ef027400020200010100000024000000140066147e808080000200000000000000000000fc990000000000000000000000000000000000000000000000000000000000000000000000000000000000000000324b142d00002300000000000000010000001c000000ffffffffffffffffffffffff"
"6829","6.366453702","192.168.169.2","192.168.169.1","UDP","214","59377  >  8800 Len=88","ef025800020200010000000024000000140066147e808080000200000000000000000000fc990000000000000000000000000000000000000000000000000000000000000000000000000000000000000000324b142d0000"
"6849","6.391947773","192.168.169.2","192.168.169.1","UDP","214","59377  >  8800 Len=88","ef025800020200010000000025000000140066147e805271000200000000000000000000df990000000000000000000000000000000000000000000000000000000000000000000000000000000000000000324b142d0000"
"6850","6.392202178","192.168.169.2","192.168.169.1","UDP","214","59377  >  8800 Len=88","ef025800020200010000000025000000140066147e805271000200000000000000000000df990000000000000000000000000000000000000000000000000000000000000000000000000000000000000000324b142d0000"
"6987","6.425930170","192.168.169.2","192.168.169.1","UDP","242","59377  >  8800 Len=116","ef027400020200010100000025000000140066147e805271000200000000000000000000df990000000000000000000000000000000000000000000000000000000000000000000000000000000000000000324b142d00002400000000000000010000001c000000ffffffffffffffffffffffff"
"7023","6.443234086","192.168.169.2","192.168.169.1","UDP","214","59377  >  8800 Len=88","ef025800020200010000000026000000140066147e8080730002000000000000000000000f990000000000000000000000000000000000000000000000000000000000000000000000000000000000000000324b142d0000"
"7117","6.468971403","192.168.169.2","192.168.169.1","UDP","242","59377  >  8800 Len=116","ef027400020200010100000026000000140066147e8080730002000000000000000000000f990000000000000000000000000000000000000000000000000000000000000000000000000000000000000000324b142d00002500000000000000010000001c000000ffffffffffffffffffffffff"
"7140","6.496048187","192.168.169.2","192.168.169.1","UDP","214","59377  >  8800 Len=88","ef025800020200010000000027000000140066147e80f88000020000000000000000000084990000000000000000000000000000000000000000000000000000000000000000000000000000000000000000324b142d0000"
"7141","6.497636922","192.168.169.2","192.168.169.1","UDP","214","59377  >  8800 Len=88","ef025800020200010000000027000000140066147e80f88000020000000000000000000084990000000000000000000000000000000000000000000000000000000000000000000000000000000000000000324b142d0000"
"7216","6.524109208","192.168.169.2","192.168.169.1","UDP","214","59377  >  8800 Len=88","ef025800020200010000000027000000140066147e80f88000020000000000000000000084990000000000000000000000000000000000000000000000000000000000000000000000000000000000000000324b142d0000"
"7340","6.555999797","192.168.169.2","192.168.169.1","UDP","242","59377  >  8800 Len=116","ef027400020200010100000028000000140066147e80f88000020000000000000000000084990000000000000000000000000000000000000000000000000000000000000000000000000000000000000000324b142d00002600000000000000010000001c000000ffffffffffffffffffffffff"
"7403","6.573656335","192.168.169.2","192.168.169.1","UDP","242","59377  >  8800 Len=116","ef027400020200010100000028000000140066147e80f88000020000000000000000000084990000000000000000000000000000000000000000000000000000000000000000000000000000000000000000324b142d00002700000000000000010000001c000000ffffffffffffffffffffffff"
"7449","6.597645053","192.168.169.2","192.168.169.1","UDP","214","59377  >  8800 Len=88","ef025800020200010000000029000000140066147e80f88000020000000000000000000084990000000000000000000000000000000000000000000000000000000000000000000000000000000000000000324b142d0000"
"7500","6.624378337","192.168.169.2","192.168.169.1","UDP","214","59377  >  8800 Len=88","ef025800020200010000000029000000140066147e80f88000020000000000000000000084990000000000000000000000000000000000000000000000000000000000000000000000000000000000000000324b142d0000"
"7513","6.626953216","192.168.169.2","192.168.169.1","UDP","214","59377  >  8800 Len=88","ef025800020200010000000029000000140066147e80f88000020000000000000000000084990000000000000000000000000000000000000000000000000000000000000000000000000000000000000000324b142d0000"
"7615","6.659563976","192.168.169.2","192.168.169.1","UDP","242","59377  >  8800 Len=116","ef02740002020001010000002a000000140066147e80f98000020000000000000000000085990000000000000000000000000000000000000000000000000000000000000000000000000000000000000000324b142d00002800000000000000010000001c000000ffffffffffffffffffffffff"
"7695","6.678262361","192.168.169.2","192.168.169.1","UDP","214","59377  >  8800 Len=88","ef02580002020001000000002a000000140066147e80f98000020000000000000000000085990000000000000000000000000000000000000000000000000000000000000000000000000000000000000000324b142d0000"
"7753","6.704440268","192.168.169.2","192.168.169.1","UDP","242","59377  >  8800 Len=116","ef02740002020001010000002b000000140066147e80f98000020000000000000000000085990000000000000000000000000000000000000000000000000000000000000000000000000000000000000000324b142d00002900000000000000010000001c000000ffffffffffffffffffffffff"
"7757","6.705981165","192.168.169.2","192.168.169.1","UDP","242","59377  >  8800 Len=116","ef02740002020001010000002b000000140066147e80f98000020000000000000000000085990000000000000000000000000000000000000000000000000000000000000000000000000000000000000000324b142d00002900000000000000010000001c000000ffffffffffffffffffffffff"
"7767","6.730312506","192.168.169.2","192.168.169.1","UDP","270","59377  >  8800 Len=144","ef02900002020001020000002b000000140066147e80f98000020000000000000000000085990000000000000000000000000000000000000000000000000000000000000000000000000000000000000000324b142d00002900000000000000010000001c000000ffffffffffffffffffffffff2a00000000000000000000001c000000ffff3f000000000000ffffff"
"7770","6.730594833","192.168.169.2","192.168.169.1","UDP","270","59377  >  8800 Len=144","ef02900002020001020000002b000000140066147e80f98000020000000000000000000085990000000000000000000000000000000000000000000000000000000000000000000000000000000000000000324b142d00002900000000000000010000001c000000ffffffffffffffffffffffff2a00000000000000000000001c000000ffff3f000000000000ffffff"
"7863","6.758696863","192.168.169.2","192.168.169.1","UDP","214","59377  >  8800 Len=88","ef02580002020001000000002c000000140066147e80f98000020000000000000000000085990000000000000000000000000000000000000000000000000000000000000000000000000000000000000000324b142d0000"
"8011","6.794906637","192.168.169.2","192.168.169.1","UDP","242","59377  >  8800 Len=116","ef02740002020001010000002c000000140066147e80f98000020000000000000000000085990000000000000000000000000000000000000000000000000000000000000000000000000000000000000000324b142d00002a00000000000000010000001c000000ffffffffffffffffffffffff"
"8036","6.807903535","192.168.169.2","192.168.169.1","UDP","214","59377  >  8800 Len=88","ef02580002020001000000002d000000140066147e80f98000020000000000000000000085990000000000000000000000000000000000000000000000000000000000000000000000000000000000000000324b142d0000"
"8046","6.833804518","192.168.169.2","192.168.169.1","UDP","242","59377  >  8800 Len=116","ef02740002020001010000002d000000140066147e80f98000020000000000000000000085990000000000000000000000000000000000000000000000000000000000000000000000000000000000000000324b142d00002b00000000000000010000001c000000ffffffffffffffffffffffff"
"8141","6.862275080","192.168.169.2","192.168.169.1","UDP","214","59377  >  8800 Len=88","ef02580002020001000000002e000000140066147e80f98000020000000000000000000085990000000000000000000000000000000000000000000000000000000000000000000000000000000000000000324b142d0000"
"8264","6.899623009","192.168.169.2","192.168.169.1","UDP","214","59377  >  8800 Len=88","ef02580002020001000000002e000000140066147e80f98000020000000000000000000085990000000000000000000000000000000000000000000000000000000000000000000000000000000000000000324b142d0000"
"8314","6.912569754","192.168.169.2","192.168.169.1","UDP","242","59377  >  8800 Len=116","ef02740002020001010000002f000000140066147e80f88000020000000000000000000084990000000000000000000000000000000000000000000000000000000000000000000000000000000000000000324b142d00002c00000000000000010000001c000000ffffffffffffffffffffffff"
"8338","6.937730650","192.168.169.2","192.168.169.1","UDP","214","59377  >  8800 Len=88","ef02580002020001000000002f000000140066147e80f88000020000000000000000000084990000000000000000000000000000000000000000000000000000000000000000000000000000000000000000324b142d0000"
"8423","6.965198432","192.168.169.2","192.168.169.1","UDP","242","59377  >  8800 Len=116","ef027400020200010100000030000000140066147e808080000200000000000000000000fc990000000000000000000000000000000000000000000000000000000000000000000000000000000000000000324b142d00002d00000000000000010000001c000000ffffffffffffffffffffffff"
"8552","6.998554156","192.168.169.2","192.168.169.1","UDP","214","59377  >  8800 Len=88","ef025800020200010000000030000000140066147e808080000200000000000000000000fc990000000000000000000000000000000000000000000000000000000000000000000000000000000000000000324b142d0000"
"8616","7.015126163","192.168.169.2","192.168.169.1","UDP","242","59377  >  8800 Len=116","ef027400020200010100000031000000140066147e808080000200000000000000000000fc990000000000000000000000000000000000000000000000000000000000000000000000000000000000000000324b142d00002e00000000000000010000001c000000ffffffffffffffffffffffff"
"8619","7.015474225","192.168.169.2","192.168.169.1","UDP","242","59377  >  8800 Len=116","ef027400020200010100000031000000140066147e808080000200000000000000000000fc990000000000000000000000000000000000000000000000000000000000000000000000000000000000000000324b142d00002e00000000000000010000001c000000ffffffffffffffffffffffff"
"8665","7.040051877","192.168.169.2","192.168.169.1","UDP","214","59377  >  8800 Len=88","ef025800020200010000000031000000140066147e808080000200000000000000000000fc990000000000000000000000000000000000000000000000000000000000000000000000000000000000000000324b142d0000"
"8677","7.066436458","192.168.169.2","192.168.169.1","UDP","242","59377  >  8800 Len=116","ef027400020200010100000032000000140066147e808080000200000000000000000000fc990000000000000000000000000000000000000000000000000000000000000000000000000000000000000000324b142d00002f00000000000000000000001c000000ffffffffffffffff80ffffff"
"8805","7.099405723","192.168.169.2","192.168.169.1","UDP","242","59377  >  8800 Len=116","ef027400020200010100000032000000140066147e808080000200000000000000000000fc990000000000000000000000000000000000000000000000000000000000000000000000000000000000000000324b142d00002f00000000000000010000001c000000ffffffffffffffffffffffff"
"8869","7.117320915","192.168.169.2","192.168.169.1","UDP","214","59377  >  8800 Len=88","ef025800020200010000000033000000140066147e808080000200000000000000000000fc990000000000000000000000000000000000000000000000000000000000000000000000000000000000000000324b142d0000"
"8959","7.143468134","192.168.169.2","192.168.169.1","UDP","242","59377  >  8800 Len=116","ef027400020200010100000033000000140066147e808080000200000000000000000000fc990000000000000000000000000000000000000000000000000000000000000000000000000000000000000000324b142d00003000000000000000010000001c000000ffffffffffffffffffffffff"
"8974","7.169834490","192.168.169.2","192.168.169.1","UDP","242","59377  >  8800 Len=116","ef027400020200010100000034000000140066147e808080000200000000000000000000fc990000000000000000000000000000000000000000000000000000000000000000000000000000000000000000324b142d00003000000000000000010000001c000000ffffffffffffffffffffffff"
"9030","7.204225117","192.168.169.2","192.168.169.1","UDP","214","59377  >  8800 Len=88","ef025800020200010000000034000000140066147e808080000200000000000000000000fc990000000000000000000000000000000000000000000000000000000000000000000000000000000000000000324b142d0000"
"9056","7.221739032","192.168.169.2","192.168.169.1","UDP","258","59377  >  8800 Len=132","ef028400020200010200000035000000140066147e808080000200000000000000000000fc990000000000000000000000000000000000000000000000000000000000000000000000000000000000000000324b142d00003100000000000000010000001c000000ffffffffffffffffffffffff32000000000000000300000010000000"
"9064","7.223352741","192.168.169.2","192.168.169.1","UDP","258","59377  >  8800 Len=132","ef028400020200010200000035000000140066147e808080000200000000000000000000fc990000000000000000000000000000000000000000000000000000000000000000000000000000000000000000324b142d00003100000000000000010000001c000000ffffffffffffffffffffffff32000000000000000300000010000000"
"9074","7.225444559","192.168.169.2","192.168.169.1","UDP","258","59377  >  8800 Len=132","ef028400020200010200000035000000140066147e808080000200000000000000000000fc990000000000000000000000000000000000000000000000000000000000000000000000000000000000000000324b142d00003100000000000000010000001c000000ffffffffffffffffffffffff32000000000000000300000010000000"
"9163","7.246786258","192.168.169.2","192.168.169.1","UDP","214","59377  >  8800 Len=88","ef025800020200010000000035000000140066147e808080000200000000000000000000fc990000000000000000000000000000000000000000000000000000000000000000000000000000000000000000324b142d0000"
"9235","7.273027041","192.168.169.2","192.168.169.1","UDP","214","59377  >  8800 Len=88","ef025800020200010000000036000000140066147e808080020200000000000000000000fe990000000000000000000000000000000000000000000000000000000000000000000000000000000000000000324b142d0000"
"9240","7.274064898","192.168.169.2","192.168.169.1","UDP","214","59377  >  8800 Len=88","ef025800020200010000000036000000140066147e808080020200000000000000000000fe990000000000000000000000000000000000000000000000000000000000000000000000000000000000000000324b142d0000"
"9345","7.304043788","192.168.169.2","192.168.169.1","UDP","242","59377  >  8800 Len=116","ef027400020200010100000036000000140066147e808080020200000000000000000000fe990000000000000000000000000000000000000000000000000000000000000000000000000000000000000000324b142d00003200000000000000010000001c000000ffffffffffffffffffffffff"
"9349","7.324432508","192.168.169.2","192.168.169.1","UDP","242","59377  >  8800 Len=116","ef027400020200010100000037000000140066147e808080020200000000000000000000fe990000000000000000000000000000000000000000000000000000000000000000000000000000000000000000324b142d00003200000000000000010000001c000000ffffffffffffffffffffffff"
"9446","7.350705645","192.168.169.2","192.168.169.1","UDP","242","59377  >  8800 Len=116","ef027400020200010100000037000000140066147e808080020200000000000000000000fe990000000000000000000000000000000000000000000000000000000000000000000000000000000000000000324b142d00003300000000000000010000001c000000ffffffffffffffffffffffff"
"9453","7.355132444","192.168.169.2","192.168.169.1","UDP","242","59377  >  8800 Len=116","ef027400020200010100000037000000140066147e808080020200000000000000000000fe990000000000000000000000000000000000000000000000000000000000000000000000000000000000000000324b142d00003300000000000000010000001c000000ffffffffffffffffffffffff"
"9463","7.356743937","192.168.169.2","192.168.169.1","UDP","242","59377  >  8800 Len=116","ef027400020200010100000037000000140066147e808080020200000000000000000000fe990000000000000000000000000000000000000000000000000000000000000000000000000000000000000000324b142d00003300000000000000010000001c000000ffffffffffffffffffffffff"
"9542","7.377874269","192.168.169.2","192.168.169.1","UDP","214","59377  >  8800 Len=88","ef025800020200010000000038000000140066147e808080020200000000000000000000fe990000000000000000000000000000000000000000000000000000000000000000000000000000000000000000324b142d0000"
"9631","7.403152471","192.168.169.2","192.168.169.1","UDP","242","59377  >  8800 Len=116","ef027400020200010100000038000000140066147e808080020200000000000000000000fe990000000000000000000000000000000000000000000000000000000000000000000000000000000000000000324b142d00003400000000000000010000001c000000ffffffffffffffffffffffff"
"9644","7.429024639","192.168.169.2","192.168.169.1","UDP","242","59377  >  8800 Len=116","ef027400020200010100000039000000140066147e808080020200000000000000000000fe990000000000000000000000000000000000000000000000000000000000000000000000000000000000000000324b142d00003400000000000000010000001c000000ffffffffffffffffffffffff"
"9645","7.429074591","192.168.169.2","192.168.169.1","UDP","242","59377  >  8800 Len=116","ef027400020200010100000039000000140066147e808080020200000000000000000000fe990000000000000000000000000000000000000000000000000000000000000000000000000000000000000000324b142d00003400000000000000010000001c000000ffffffffffffffffffffffff"
"9737","7.459374148","192.168.169.2","192.168.169.1","UDP","242","59377  >  8800 Len=116","ef027400020200010100000039000000140066147e808080020200000000000000000000fe990000000000000000000000000000000000000000000000000000000000000000000000000000000000000000324b142d00003500000000000000010000001c000000ffffffffffffffffffffffff"
"9823","7.480988235","192.168.169.2","192.168.169.1","UDP","214","59377  >  8800 Len=88","ef02580002020001000000003a000000140066147e808080020200000000000000000000fe990000000000000000000000000000000000000000000000000000000000000000000000000000000000000000324b142d0000"
"9924","7.506702615","192.168.169.2","192.168.169.1","UDP","242","59377  >  8800 Len=116","ef02740002020001010000003a000000140066147e808080020200000000000000000000fe990000000000000000000000000000000000000000000000000000000000000000000000000000000000000000324b142d00003600000000000000010000001c000000ffffffffffffffffffffffff"
"9944","7.532125488","192.168.169.2","192.168.169.1","UDP","214","59377  >  8800 Len=88","ef02580002020001000000003b000000140066147e808080020200000000000000000000fe990000000000000000000000000000000000000000000000000000000000000000000000000000000000000000324b142d0000"
"9945","7.532310596","192.168.169.2","192.168.169.1","UDP","214","59377  >  8800 Len=88","ef02580002020001000000003b000000140066147e808080020200000000000000000000fe990000000000000000000000000000000000000000000000000000000000000000000000000000000000000000324b142d0000"
"10021","7.559534635","192.168.169.2","192.168.169.1","UDP","214","59377  >  8800 Len=88","ef02580002020001000000003b000000140066147e808080020200000000000000000000fe990000000000000000000000000000000000000000000000000000000000000000000000000000000000000000324b142d0000"
"10031","7.561449961","192.168.169.2","192.168.169.1","UDP","214","59377  >  8800 Len=88","ef02580002020001000000003b000000140066147e808080020200000000000000000000fe990000000000000000000000000000000000000000000000000000000000000000000000000000000000000000324b142d0000"
"10133","7.586045126","192.168.169.2","192.168.169.1","UDP","242","59377  >  8800 Len=116","ef02740002020001010000003c000000140066147e808080020200000000000000000000fe990000000000000000000000000000000000000000000000000000000000000000000000000000000000000000324b142d00003700000000000000010000001c000000ffffffffffffffffffffffff"
"10152","7.590594877","192.168.169.2","192.168.169.1","UDP","242","59377  >  8800 Len=116","ef02740002020001010000003c000000140066147e808080020200000000000000000000fe990000000000000000000000000000000000000000000000000000000000000000000000000000000000000000324b142d00003700000000000000010000001c000000ffffffffffffffffffffffff"
"10218","7.609530992","192.168.169.2","192.168.169.1","UDP","242","59377  >  8800 Len=116","ef02740002020001010000003c000000140066147e808080020200000000000000000000fe990000000000000000000000000000000000000000000000000000000000000000000000000000000000000000324b142d00003800000000000000010000001c000000ffffffffffffffffffffffff"
"10231","7.612122650","192.168.169.2","192.168.169.1","UDP","242","59377  >  8800 Len=116","ef02740002020001010000003c000000140066147e808080020200000000000000000000fe990000000000000000000000000000000000000000000000000000000000000000000000000000000000000000324b142d00003800000000000000010000001c000000ffffffffffffffffffffffff"
"10237","7.635624716","192.168.169.2","192.168.169.1","UDP","242","59377  >  8800 Len=116","ef02740002020001010000003d000000140066147e808080020200000000000000000000fe990000000000000000000000000000000000000000000000000000000000000000000000000000000000000000324b142d00003800000000000000010000001c000000ffffffffffffffffffffffff"
"10238","7.635774454","192.168.169.2","192.168.169.1","UDP","242","59377  >  8800 Len=116","ef02740002020001010000003d000000140066147e808080020200000000000000000000fe990000000000000000000000000000000000000000000000000000000000000000000000000000000000000000324b142d00003800000000000000010000001c000000ffffffffffffffffffffffff"
"10327","7.662731307","192.168.169.2","192.168.169.1","UDP","214","59377  >  8800 Len=88","ef02580002020001000000003e000000140066147e808080020200000000000000000000fe990000000000000000000000000000000000000000000000000000000000000000000000000000000000000000324b142d0000"
"10425","7.687895332","192.168.169.2","192.168.169.1","UDP","242","59377  >  8800 Len=116","ef02740002020001010000003e000000140066147e808080020200000000000000000000fe990000000000000000000000000000000000000000000000000000000000000000000000000000000000000000324b142d00003900000000000000010000001c000000ffffffffffffffffffffffff"
"10426","7.688520617","192.168.169.2","192.168.169.1","UDP","242","59377  >  8800 Len=116","ef02740002020001010000003e000000140066147e808080020200000000000000000000fe990000000000000000000000000000000000000000000000000000000000000000000000000000000000000000324b142d00003900000000000000010000001c000000ffffffffffffffffffffffff"
"10516","7.713760629","192.168.169.2","192.168.169.1","UDP","214","59377  >  8800 Len=88","ef02580002020001000000003f000000140066147e808080020200000000000000000000fe990000000000000000000000000000000000000000000000000000000000000000000000000000000000000000324b142d0000"
"10526","7.738838036","192.168.169.2","192.168.169.1","UDP","242","59377  >  8800 Len=116","ef02740002020001010000003f000000140066147e808080020200000000000000000000fe990000000000000000000000000000000000000000000000000000000000000000000000000000000000000000324b142d00003a00000000000000010000001c000000ffffffffffffffffffffffff"
"10640","7.765384900","192.168.169.2","192.168.169.1","UDP","214","59377  >  8800 Len=88","ef025800020200010000000040000000140066147e808080020200000000000000000000fe990000000000000000000000000000000000000000000000000000000000000000000000000000000000000000324b142d0000"
"10649","7.766791275","192.168.169.2","192.168.169.1","UDP","214","59377  >  8800 Len=88","ef025800020200010000000040000000140066147e808080020200000000000000000000fe990000000000000000000000000000000000000000000000000000000000000000000000000000000000000000324b142d0000"
"10731","7.790020994","192.168.169.2","192.168.169.1","UDP","242","59377  >  8800 Len=116","ef027400020200010100000040000000140066147e808080020200000000000000000000fe990000000000000000000000000000000000000000000000000000000000000000000000000000000000000000324b142d00003b00000000000000010000001c000000ffffffffffffffffffffffff"
"10739","7.791868038","192.168.169.2","192.168.169.1","UDP","242","59377  >  8800 Len=116","ef027400020200010100000040000000140066147e808080020200000000000000000000fe990000000000000000000000000000000000000000000000000000000000000000000000000000000000000000324b142d00003b00000000000000010000001c000000ffffffffffffffffffffffff"
"10843","7.817683669","192.168.169.2","192.168.169.1","UDP","214","59377  >  8800 Len=88","ef025800020200010000000041000000140066147e808080020200000000000000000000fe990000000000000000000000000000000000000000000000000000000000000000000000000000000000000000324b142d0000"
"10856","7.842274560","192.168.169.2","192.168.169.1","UDP","214","59377  >  8800 Len=88","ef025800020200010000000041000000140066147e808080020200000000000000000000fe990000000000000000000000000000000000000000000000000000000000000000000000000000000000000000324b142d0000"
"10866","7.868786288","192.168.169.2","192.168.169.1","UDP","242","59377  >  8800 Len=116","ef027400020200010100000042000000140066147e808080020200000000000000000000fe990000000000000000000000000000000000000000000000000000000000000000000000000000000000000000324b142d00003c00000000000000000000001c000000ffffffffffffffff7ffeffff"
"10875","7.870377073","192.168.169.2","192.168.169.1","UDP","242","59377  >  8800 Len=116","ef027400020200010100000042000000140066147e808080020200000000000000000000fe990000000000000000000000000000000000000000000000000000000000000000000000000000000000000000324b142d00003c00000000000000000000001c000000ffffffffffffffff7ffeffff"
"10894","7.874482398","192.168.169.2","192.168.169.1","UDP","242","59377  >  8800 Len=116","ef027400020200010100000042000000140066147e808080020200000000000000000000fe990000000000000000000000000000000000000000000000000000000000000000000000000000000000000000324b142d00003c00000000000000000000001c000000ffffffffffffffff7ffeffff"
"10904","7.876705144","192.168.169.2","192.168.169.1","UDP","242","59377  >  8800 Len=116","ef027400020200010100000042000000140066147e808080020200000000000000000000fe990000000000000000000000000000000000000000000000000000000000000000000000000000000000000000324b142d00003c00000000000000000000001c000000ffffffffffffffff7ffeffff"
"10961","7.893766022","192.168.169.2","192.168.169.1","UDP","242","59377  >  8800 Len=116","ef027400020200010100000042000000140066147e808080020200000000000000000000fe990000000000000000000000000000000000000000000000000000000000000000000000000000000000000000324b142d00003c00000000000000010000001c000000ffffffffffffffffffffffff"
"10969","7.895402894","192.168.169.2","192.168.169.1","UDP","242","59377  >  8800 Len=116","ef027400020200010100000042000000140066147e808080020200000000000000000000fe990000000000000000000000000000000000000000000000000000000000000000000000000000000000000000324b142d00003c00000000000000010000001c000000ffffffffffffffffffffffff"
"11038","7.919217310","192.168.169.2","192.168.169.1","UDP","214","59377  >  8800 Len=88","ef025800020200010000000043000000080000000000000000000000000000000000000000000000000000000000000000000000000000000000000000000000000000000000000000000000000000000000324b142d0000"
"11042","7.946210362","192.168.169.2","192.168.169.1","UDP","258","59377  >  8800 Len=132","ef028400020200010200000043000000080000000000000000000000000000000000000000000000000000000000000000000000000000000000000000000000000000000000000000000000000000000000324b142d00003d00000000000000010000001c000000ffffffffffffffffffffffff3e000000000000000300000010000000"
"11067","7.972420029","192.168.169.2","192.168.169.1","UDP","214","59377  >  8800 Len=88","ef025800020200010000000043000000080000000000000000000000000000000000000000000000000000000000000000000000000000000000000000000000000000000000000000000000000000000000324b142d0000"
"11075","7.974077014","192.168.169.2","192.168.169.1","UDP","214","59377  >  8800 Len=88","ef025800020200010000000043000000080000000000000000000000000000000000000000000000000000000000000000000000000000000000000000000000000000000000000000000000000000000000324b142d0000"
"11175","7.998531865","192.168.169.2","192.168.169.1","UDP","214","59377  >  8800 Len=88","ef025800020200010000000043000000080000000000000000000000000000000000000000000000000000000000000000000000000000000000000000000000000000000000000000000000000000000000324b142d0000"
"11246","8.024161392","192.168.169.2","192.168.169.1","UDP","242","59377  >  8800 Len=116","ef027400020200010100000043000000080000000000000000000000000000000000000000000000000000000000000000000000000000000000000000000000000000000000000000000000000000000000324b142d00003e00000000000000010000001c000000ffffffffffffffffffffffff"
"11258","8.026665206","192.168.169.2","192.168.169.1","UDP","242","59377  >  8800 Len=116","ef027400020200010100000043000000080000000000000000000000000000000000000000000000000000000000000000000000000000000000000000000000000000000000000000000000000000000000324b142d00003e00000000000000010000001c000000ffffffffffffffffffffffff"
"11283","8.032055544","192.168.169.2","192.168.169.1","UDP","242","59377  >  8800 Len=116","ef027400020200010100000043000000080000000000000000000000000000000000000000000000000000000000000000000000000000000000000000000000000000000000000000000000000000000000324b142d00003e00000000000000010000001c000000ffffffffffffffffffffffff"
"11350","8.048629032","192.168.169.2","192.168.169.1","UDP","214","59377  >  8800 Len=88","ef025800020200010000000043000000080000000000000000000000000000000000000000000000000000000000000000000000000000000000000000000000000000000000000000000000000000000000324b142d0000"
"11364","8.075923917","192.168.169.2","192.168.169.1","UDP","242","59377  >  8800 Len=116","ef027400020200010100000043000000080000000000000000000000000000000000000000000000000000000000000000000000000000000000000000000000000000000000000000000000000000000000324b142d00003f00000000000000000000001c000000ffffffffffffff1f00ffffff"
"11444","8.101817679","192.168.169.2","192.168.169.1","UDP","242","59377  >  8800 Len=116","ef027400020200010100000043000000080000000000000000000000000000000000000000000000000000000000000000000000000000000000000000000000000000000000000000000000000000000000324b142d00003f00000000000000010000001c000000ffffffffffffffffffffffff"
"11532","8.128230560","192.168.169.2","192.168.169.1","UDP","214","59377  >  8800 Len=88","ef025800020200010000000043000000080000000000000000000000000000000000000000000000000000000000000000000000000000000000000000000000000000000000000000000000000000000000324b142d0000"
"11650","8.155024601","192.168.169.2","192.168.169.1","UDP","242","59377  >  8800 Len=116","ef027400020200010100000043000000080000000000000000000000000000000000000000000000000000000000000000000000000000000000000000000000000000000000000000000000000000000000324b142d00004000000000000000010000001c000000ffffffffffffffffffffffff"
"11651","8.155395405","192.168.169.2","192.168.169.1","UDP","242","59377  >  8800 Len=116","ef027400020200010100000043000000080000000000000000000000000000000000000000000000000000000000000000000000000000000000000000000000000000000000000000000000000000000000324b142d00004000000000000000010000001c000000ffffffffffffffffffffffff"
"11655","8.179006587","192.168.169.2","192.168.169.1","UDP","242","59377  >  8800 Len=116","ef027400020200010100000043000000080000000000000000000000000000000000000000000000000000000000000000000000000000000000000000000000000000000000000000000000000000000000324b142d00004000000000000000010000001c000000ffffffffffffffffffffffff"
"11745","8.205416712","192.168.169.2","192.168.169.1","UDP","242","59377  >  8800 Len=116","ef027400020200010100000043000000080000000000000000000000000000000000000000000000000000000000000000000000000000000000000000000000000000000000000000000000000000000000324b142d00004100000000000000010000001c000000ffffffffffffffffffffffff"
"11910","8.257152929","192.168.169.2","192.168.169.1","UDP","242","59377  >  8800 Len=116","ef027499dd17da096ce4486544000000080000000000000000000000004000008039928d50317fa898e304000000000000000000000000000000000000000000000000000000000000000000000000000000324b142d00004200000000000000010000001c000000ffffffffffffffffffffffff"
"11927","8.262589727","192.168.169.2","192.168.169.1","UDP","242","59377  >  8800 Len=116","ef027400020200010100000043000000080000000000000000000000000000000000000000000000000000000000000000000000000000000000000000000000000000000000000000000000000000000000324b142d00004200000000000000010000001c000000ffffffffffffffffffffffff"
"11998","8.307617221","192.168.169.2","192.168.169.1","UDP","214","59377  >  8800 Len=88","ef025800020200010000000043000000080000000000000000000000000000000000000000000000000000000000000000000000000000000000000000000000000000000000000000000000000000000000324b142d0000"
"12006","8.309276943","192.168.169.2","192.168.169.1","UDP","214","59377  >  8800 Len=88","ef025800020200010000000043000000080000000000000000000000000000000000000000000000000000000000000000000000000000000000000000000000000000000000000000000000000000000000324b142d0000"
"12028","8.313815883","192.168.169.2","192.168.169.1","UDP","214","59377  >  8800 Len=88","ef025800020200010000000043000000080000000000000000000000000000000000000000000000000000000000000000000000000000000000000000000000000000000000000000000000000000000000324b142d0000"
"12159","8.347491506","192.168.169.2","192.168.169.1","UDP","242","59377  >  8800 Len=116","ef027400020200010100000043000000080000000000000000000000000000000000000000000000000000000000000000000000000000000000000000000000000000000000000000000000000000000000324b142d00004300000000000000010000001c000000ffffffffffffffffffffffff"
"12217","8.360686039","192.168.169.2","192.168.169.1","UDP","242","59377  >  8800 Len=116","ef027400020200010100000043000000080000000000000000000000000000000000000000000000000000000000000000000000000000000000000000000000000000000000000000000000000000000000324b142d00004400000000000000010000001c000000ffffffffffffffffffffffff"
"12257","8.385332069","192.168.169.2","192.168.169.1","UDP","214","59377  >  8800 Len=88","ef025800020200010000000043000000080000000000000000000000000000000000000000000000000000000000000000000000000000000000000000000000000000000000000000000000000000000000324b142d0000"
"12321","8.410862701","192.168.169.2","192.168.169.1","UDP","214","59377  >  8800 Len=88","ef025800020200010000000043000000080000000000000000000000000000000000000000000000000000000000000000000000000000000000000000000000000000000000000000000000000000000000324b142d0000"
"12429","8.438616117","192.168.169.2","192.168.169.1","UDP","242","59377  >  8800 [BAD UDP LENGTH 61491 > IP PAYLOAD LENGTH] Len=61483","985bb6bb4e71a412cd212daeec2dd50390230bd57364038084b68b9901f32bbbc6042d0e0c0027f41fd9495996c5b29843bdcbd2c6a9f891addfc5fcae610effe41eab4800f99ce5cb87fd71a01c861e6eff54a353738086b678684ca5cca60ec29826ab5c75cff67b407403e45c1a61b581317b"
"12468","8.446779678","192.168.169.2","192.168.169.1","UDP","242","59377  >  8800 Len=116","ef027400020200010100000043000000080000000000000000000000000000000000000000000000000000000000000000000000000000000000000000000000000000000000000000000000000000000000324b142d00004500000000000000010000001c000000ffffffffffffffffffffffff"
"12482","8.462368200","192.168.169.2","192.168.169.1","UDP","214","59377  >  8800 Len=88","ef025800020200010000000043000000080000000000000000000000000000000000000000000000000000000000000000000000000000000000000000000000000000000000000000000000000000000000324b142d0000"
"12534","8.488048231","192.168.169.2","192.168.169.1","UDP","242","59377  >  8800 Len=116","ef027400020200010100000043000000080000000000000000000000000000000000000000000000000000000000000000000000000000000000000000000000000000000000000000000000000000000000324b142d00004600000000000000010000001c000000ffffffffffffffffffffffff"
"12606","8.514177794","192.168.169.2","192.168.169.1","UDP","214","59377  >  8800 [BAD UDP LENGTH 49305 > IP PAYLOAD LENGTH] Len=49297","eb66e09b75ba589aebfaa1e2d3a7dff77cbf9425bc927e3714737ec391f5b60d0e904a2e1231bf6b04f5bb30417ac84fa8dffdc8e2a077715942af983f62efd6f226d873c9457b0ca5c415cece577894dabdac8d1a6da325"
"12617","8.516843703","192.168.169.2","192.168.169.1","UDP","214","59377  >  8800 Len=88","ef025800020200010000000043000000080000000000000000000000000000000000000000000000000000000000000000000000000000000000000000000000000000000000000000000000000000000000324b142d0000"
"12627","8.518779855","192.168.169.2","192.168.169.1","UDP","214","59377  >  8800 Len=88","ef025800020200010000000043000000080000000000000000000000000000000000000000000000000000000000000000000000000000000000000000000000000000000000000000000000000000000000324b142d0000"
"12776","8.557041595","192.168.169.2","192.168.169.1","UDP","242","59377  >  8800 Len=116","ef027400020200010100000043000000080000000000000000000000000000000000000000000000000000000000000000000000000000000000000000000000000000000000000000000000000000000000324b142d00004700000000000000010000001c000000ffffffffffffffffffffffff"
"12812","8.564626847","192.168.169.2","192.168.169.1","UDP","214","59377  >  8800 Len=88","ef025800020200010000000043000000080000000000000000000000000000000000000000000000000000000000000000000000000000000000000000000000000000000000000000000000000000000000324b142d0000"
"12856","8.590607538","192.168.169.2","192.168.169.1","UDP","242","59377  >  8800 Len=116","ef027400020200010100000043000000080000000000000000000000000000000000000000000000000000000000000000000000000000000000000000000000000000000000000000000000000000000000324b142d00004800000000000000010000001c000000ffffffffffffffffffffffff"
"12936","8.618450591","192.168.169.2","192.168.169.1","UDP","214","59377  >  8800 Len=88","ef025800020200010000000043000000080000000000000000000000000000000000000000000000000000000000000000000000000000000000000000000000000000000000000000000000000000000000324b142d0000"
"12952","8.622302478","192.168.169.2","192.168.169.1","UDP","214","59377  >  8800 Len=88","ef025800020200010000000043000000080000000000000000000000000000000000000000000000000000000000000000000000000000000000000000000000000000000000000000000000000000000000324b142d0000"
"12988","8.642136162","192.168.169.2","192.168.169.1","UDP","214","59377  >  8800 Len=88","ef025800020200010000000043000000080000000000000000000000000000000000000000000000000000000000000000000000000000000000000000000000000000000000000000000000000000000000324b142d0000"
"13008","8.667517174","192.168.169.2","192.168.169.1","UDP","258","59377  >  8800 Len=132","ef028400020200010200000043000000080000000000000000000000000000000000000000000000000000000000000000000000000000000000000000000000000000000000000000000000000000000000324b142d00004900000000000000010000001c000000ffffffffffffffffffffffff4a000000000000000300000010000000"
"13018","8.670079371","192.168.169.2","192.168.169.1","UDP","258","59377  >  8800 Len=132","ef028400020200010200000043000000080000000000000000000000000000000000000000000000000000000000000000000000000000000000000000000000000000000000000000000000000000000000324b142d00004900000000000000010000001c000000ffffffffffffffffffffffff4a000000000000000300000010000000"
"13105","8.693108677","192.168.169.2","192.168.169.1","UDP","214","59377  >  8800 Len=88","ef025800020200010000000043000000080000000000000000000000000000000000000000000000000000000000000000000000000000000000000000000000000000000000000000000000000000000000324b142d0000"
"13186","8.720269056","192.168.169.2","192.168.169.1","UDP","214","59377  >  8800 Len=88","ef025800020200010000000043000000080000000000000000000000000000000000000000000000000000000000000000000000000000000000000000000000000000000000000000000000000000000000324b142d0000"
"13301","8.756246557","192.168.169.2","192.168.169.1","UDP","242","59377  >  8800 Len=116","ef027400020200010100000043000000080000000000000000000000000000000000000000000000000000000000000000000000000000000000000000000000000000000000000000000000000000000000324b142d00004a00000000000000010000001c000000ffffffffffffffffffffffff"
"13306","8.771337043","192.168.169.2","192.168.169.1","UDP","242","59377  >  8800 Len=116","ef027400020200010100000043000000080000000000000000000000000000000000000000000000000000000000000000000000000000000000000000000000000000000000000000000000000000000000324b142d00004a00000000000000010000001c000000ffffffffffffffffffffffff"
"13309","8.771643822","192.168.169.2","192.168.169.1","UDP","242","59377  >  8800 Len=116","ef027400020200010100000043000000080000000000000000000000000000000000000000000000000000000000000000000000000000000000000000000000000000000000000000000000000000000000324b142d00004a00000000000000010000001c000000ffffffffffffffffffffffff"
"13376","8.796995719","192.168.169.2","192.168.169.1","UDP","242","59377  >  8800 Len=116","ef027400020200010100000043000000080000000000000000000000000000000000000000000000000000000000000000000000000000000000000000000000000000000000000000000000000000000000324b142d00004b00000000000000010000001c000000ffffffffffffffffffffffff"
"13479","8.823574418","192.168.169.2","192.168.169.1","UDP","214","59377  >  8800 Len=88","ef025800020200010000000043000000080000000000000000000000000000000000000000000000000000000000000000000000000000000000000000000000000000000000000000000000000000000000324b142d0000"
"13609","8.864670091","192.168.169.2","192.168.169.1","UDP","242","59377  >  8800 Len=116","ef027400020200010100000043000000080000000000000000000000000000000000000000000000000000000000000000000000000000000000000000000000000000000000000000000000000000000000324b142d00004c00000000000000010000001c000000ffffffffffffffffffffffff"
"13613","8.875274827","192.168.169.2","192.168.169.1","UDP","242","59377  >  8800 Len=116","ef027400020200010100000043000000080000000000000000000000000000000000000000000000000000000000000000000000000000000000000000000000000000000000000000000000000000000000324b142d00004c00000000000000010000001c000000ffffffffffffffffffffffff"
"13690","8.901085732","192.168.169.2","192.168.169.1","UDP","242","59377  >  8800 Len=116","ef027400020200010100000043000000080000000000000000000000000000000000000000000000000000000000000000000000000000000000000000000000000000000000000000000000000000000000324b142d00004d00000000000000010000001c000000ffffffffffffffffffffffff"
"13697","8.902575831","192.168.169.2","192.168.169.1","UDP","242","59377  >  8800 Len=116","ef027400020200010100000043000000080000000000000000000000000000000000000000000000000000000000000000000000000000000000000000000000000000000000000000000000000000000000324b142d00004d00000000000000010000001c000000ffffffffffffffffffffffff"
"13707","8.905003721","192.168.169.2","192.168.169.1","UDP","242","59377  >  8800 Len=116","ef027400020200010100000043000000080000000000000000000000000000000000000000000000000000000000000000000000000000000000000000000000000000000000000000000000000000000000324b142d00004d00000000000000010000001c000000ffffffffffffffffffffffff"
"13803","8.927342592","192.168.169.2","192.168.169.1","UDP","214","59377  >  8800 Len=88","ef025800020200010000000043000000080000000000000000000000000000000000000000000000000000000000000000000000000000000000000000000000000000000000000000000000000000000000324b142d0000"
"13804","8.927586130","192.168.169.2","192.168.169.1","UDP","214","59377  >  8800 Len=88","ef025800020200010000000043000000080000000000000000000000000000000000000000000000000000000000000000000000000000000000000000000000000000000000000000000000000000000000324b142d0000"
"13809","8.929342809","192.168.169.2","192.168.169.1","UDP","214","59377  >  8800 Len=88","ef025800020200010000000043000000080000000000000000000000000000000000000000000000000000000000000000000000000000000000000000000000000000000000000000000000000000000000324b142d0000"
